ComName,Link
Qatar Airways,https://qa.linkedin.com/company/qatar-airways?trk=public_jobs_jserp-result_job-search-card-subtitle

Sabre India,https://in.linkedin.com/company/sabreindia?trk=public_jobs_jserp-result_job-search-card-subtitle

Indigo,https://ca.linkedin.com/company/indigo?trk=public_jobs_jserp-result_job-search-card-subtitle

Cathay Pacific Airways,https://hk.linkedin.com/company/cathay-pacific-airways?trk=public_jobs_jserp-result_job-search-card-subtitle

Sinensis Group,https://in.linkedin.com/company/sinensisgroup?trk=public_jobs_jserp-result_job-search-card-subtitle

"Woodward, Inc.",https://www.linkedin.com/company/woodwardinc?trk=public_jobs_jserp-result_job-search-card-subtitle

GKN Aerospace,https://uk.linkedin.com/company/gkn-aerospace?trk=public_jobs_jserp-result_job-search-card-subtitle

Airbus,https://fr.linkedin.com/company/airbusgroup?trk=public_jobs_jserp-result_job-search-card-subtitle

Keysight Technologies,https://www.linkedin.com/company/keysight-technologies?trk=public_jobs_jserp-result_job-search-card-subtitle

Kennametal,https://www.linkedin.com/company/kennametal?trk=public_jobs_jserp-result_job-search-card-subtitle

Kennametal,https://www.linkedin.com/company/kennametal?trk=public_jobs_jserp-result_job-search-card-subtitle

NOV,https://www.linkedin.com/company/novglobal?trk=public_jobs_jserp-result_job-search-card-subtitle

Godrej Group,https://in.linkedin.com/company/godrej-group?trk=public_jobs_jserp-result_job-search-card-subtitle

Sketch Retail Studio,https://in.linkedin.com/company/sketch-consultancy?trk=public_jobs_jserp-result_job-search-card-subtitle

JUBILANT SHIP MANAGEMENT PRIVATE LIMITED,https://www.linkedin.com/company/jubilant-ship-management-private-limited?trk=public_jobs_jserp-result_job-search-card-subtitle

PERKIN ELMER ITALIA SPA,https://it.linkedin.com/company/perkin-elmer-italia-spa?trk=public_jobs_jserp-result_job-search-card-subtitle

MintSkill HR Solutions LLP,https://in.linkedin.com/company/mintskill?trk=public_jobs_jserp-result_job-search-card-subtitle

MintSkill HR Solutions LLP,https://in.linkedin.com/company/mintskill?trk=public_jobs_jserp-result_job-search-card-subtitle

Credit Suisse,https://ch.linkedin.com/company/credit-suisse?trk=public_jobs_jserp-result_job-search-card-subtitle

Arthan,https://in.linkedin.com/company/arthan?trk=public_jobs_jserp-result_job-search-card-subtitle

BNY Mellon,https://www.linkedin.com/company/bny-mellon?trk=public_jobs_jserp-result_job-search-card-subtitle

BNY Mellon,https://www.linkedin.com/company/bny-mellon?trk=public_jobs_jserp-result_job-search-card-subtitle

BNY Mellon,https://www.linkedin.com/company/bny-mellon?trk=public_jobs_jserp-result_job-search-card-subtitle

BNY Mellon,https://www.linkedin.com/company/bny-mellon?trk=public_jobs_jserp-result_job-search-card-subtitle

BNY Mellon,https://www.linkedin.com/company/bny-mellon?trk=public_jobs_jserp-result_job-search-card-subtitle

Irayos Lifestyle Retreat,https://in.linkedin.com/company/irayos-lifestyle-retreat?trk=public_jobs_jserp-result_job-search-card-subtitle

Envoy Arise,https://www.linkedin.com/company/envoy-arise?trk=public_jobs_jserp-result_job-search-card-subtitle

Orient Group of Hotels,https://www.linkedin.com/company/orient-group-of-hotels?trk=public_jobs_jserp-result_job-search-card-subtitle

VTRO Motors Pvt Ltd.,https://in.linkedin.com/company/vtro?trk=public_jobs_jserp-result_job-search-card-subtitle

R2R Consultants LLP,https://in.linkedin.com/company/r2r-consults?trk=public_jobs_jserp-result_job-search-card-subtitle

Globewerks International Pte Ltd,https://sg.linkedin.com/company/globewerks-international-pte-ltd?trk=public_jobs_jserp-result_job-search-card-subtitle

Dreams Creation Advertising Pvt. Ltd.,https://in.linkedin.com/company/dreams-creation-advertising-pvt.-ltd.?trk=public_jobs_jserp-result_job-search-card-subtitle

Serama Logistics Pvt. Ltd.,https://in.linkedin.com/company/serama-logistics-pvt-ltd?trk=public_jobs_jserp-result_job-search-card-subtitle

Kulfi Collective,https://in.linkedin.com/company/kulfi-collective?trk=public_jobs_jserp-result_job-search-card-subtitle

Kirloskar Oil Engines Limited,https://in.linkedin.com/company/kirloskar-oil-engines?trk=public_jobs_jserp-result_job-search-card-subtitle

Skroman Global,https://in.linkedin.com/company/skroman-global?trk=public_jobs_jserp-result_job-search-card-subtitle

The Indus Club,https://in.linkedin.com/company/theindusclub?trk=public_jobs_jserp-result_job-search-card-subtitle

AppSoft Solutions,https://www.linkedin.com/company/appsoft-solutions?trk=public_jobs_jserp-result_job-search-card-subtitle

Courtyard by Marriott,https://www.linkedin.com/company/courtyard_by_marriott?trk=public_jobs_jserp-result_job-search-card-subtitle

Wishup.co,https://www.linkedin.com/company/wishup-services?trk=public_jobs_jserp-result_job-search-card-subtitle

Anteliken Business Services Pvt. Ltd.,https://in.linkedin.com/company/anteliken-business-services-pvt-ltd?trk=public_jobs_jserp-result_job-search-card-subtitle

R2R Consultants LLP,https://in.linkedin.com/company/r2r-consults?trk=public_jobs_jserp-result_job-search-card-subtitle

Credit Wise Capital,https://in.linkedin.com/company/creditwisecapital?trk=public_jobs_jserp-result_job-search-card-subtitle

AppSoft Solutions,https://www.linkedin.com/company/appsoft-solutions?trk=public_jobs_jserp-result_job-search-card-subtitle

Nivoda,https://uk.linkedin.com/company/nivoda?trk=public_jobs_jserp-result_job-search-card-subtitle

Hotel Mina International,https://www.linkedin.com/company/hotel-mina-international?trk=public_jobs_jserp-result_job-search-card-subtitle

Zinnov,https://www.linkedin.com/company/zinnov?trk=public_jobs_jserp-result_job-search-card-subtitle

ATCS Inc.,https://www.linkedin.com/company/atcsinc?trk=public_jobs_jserp-result_job-search-card-subtitle

Siemens,https://de.linkedin.com/company/siemens?trk=public_jobs_jserp-result_job-search-card-subtitle

Siemens,https://de.linkedin.com/company/siemens?trk=public_jobs_jserp-result_job-search-card-subtitle

Siemens,https://de.linkedin.com/company/siemens?trk=public_jobs_jserp-result_job-search-card-subtitle

R K Enterprises,https://in.linkedin.com/company/r-k-enterprises?trk=public_jobs_jserp-result_job-search-card-subtitle

Sony Pictures Networks India,https://in.linkedin.com/company/sony-pictures-networks-india?trk=public_jobs_jserp-result_job-search-card-subtitle

LogicMonitor,https://www.linkedin.com/company/logicmonitor?trk=public_jobs_jserp-result_job-search-card-subtitle

1441 Pizzeria,https://in.linkedin.com/company/pizzeria1441?trk=public_jobs_jserp-result_job-search-card-subtitle

Bajaj Allianz General Insurance,https://in.linkedin.com/company/bajaj-allianz-general-insurance?trk=public_jobs_jserp-result_job-search-card-subtitle

wowJobs,https://uk.linkedin.com/company/wowjobs?trk=public_jobs_jserp-result_job-search-card-subtitle

JLL,https://www.linkedin.com/company/jll?trk=public_jobs_jserp-result_job-search-card-subtitle

IndiGo (InterGlobe Aviation Ltd),https://in.linkedin.com/company/indigo-airlines?trk=public_jobs_jserp-result_job-search-card-subtitle

JLL,https://www.linkedin.com/company/jll?trk=public_jobs_jserp-result_job-search-card-subtitle

British Council,https://uk.linkedin.com/company/british-council?trk=public_jobs_jserp-result_job-search-card-subtitle

Talent Corner HR Services Pvt Ltd,https://in.linkedin.com/company/talent-corner-hr-services-pvt-ltd?trk=public_jobs_jserp-result_job-search-card-subtitle

Indiabulls Group,https://in.linkedin.com/company/indiabullsgroup?trk=public_jobs_jserp-result_job-search-card-subtitle

JLL,https://www.linkedin.com/company/jll?trk=public_jobs_jserp-result_job-search-card-subtitle

GKN Aerospace,https://uk.linkedin.com/company/gkn-aerospace?trk=public_jobs_jserp-result_job-search-card-subtitle

Airbus,https://fr.linkedin.com/company/airbusgroup?trk=public_jobs_jserp-result_job-search-card-subtitle

Kennametal,https://www.linkedin.com/company/kennametal?trk=public_jobs_jserp-result_job-search-card-subtitle

Kennametal,https://www.linkedin.com/company/kennametal?trk=public_jobs_jserp-result_job-search-card-subtitle

Keysight Technologies,https://www.linkedin.com/company/keysight-technologies?trk=public_jobs_jserp-result_job-search-card-subtitle

"Woodward, Inc.",https://www.linkedin.com/company/woodwardinc?trk=public_jobs_jserp-result_job-search-card-subtitle

CIEL HR,https://in.linkedin.com/company/cielhr?trk=public_jobs_jserp-result_job-search-card-subtitle

"Woodward, Inc.",https://www.linkedin.com/company/woodwardinc?trk=public_jobs_jserp-result_job-search-card-subtitle

"Woodward, Inc.",https://www.linkedin.com/company/woodwardinc?trk=public_jobs_jserp-result_job-search-card-subtitle

"Woodward, Inc.",https://www.linkedin.com/company/woodwardinc?trk=public_jobs_jserp-result_job-search-card-subtitle

"Council on Energy, Environment and Water (CEEW)",https://in.linkedin.com/company/council-on-energy-environment-and-water?trk=public_jobs_jserp-result_job-search-card-subtitle

3M,https://www.linkedin.com/company/3m?trk=public_jobs_jserp-result_job-search-card-subtitle

Gegenbauer,https://de.linkedin.com/company/gegenbauer-de?trk=public_jobs_jserp-result_job-search-card-subtitle

Finite HR Consulting Private Limited,https://www.linkedin.com/company/finite-hr-consulting-private-limited?trk=public_jobs_jserp-result_job-search-card-subtitle

SSP UK LIMITED,https://www.linkedin.com/company/ssp-uk-limited?trk=public_jobs_jserp-result_job-search-card-subtitle

Dhullo Car Care,https://in.linkedin.com/company/dhullo-car-care?trk=public_jobs_jserp-result_job-search-card-subtitle

Canadian Executive Search Group Inc. & Canadian Executive Search Group (USA) Inc / Arrow Group,https://www.linkedin.com/company/canadian-executive-search-group-inc-?trk=public_jobs_jserp-result_job-search-card-subtitle

NTT Ltd.,https://uk.linkedin.com/company/global-ntt?trk=public_jobs_jserp-result_job-search-card-subtitle

Sinensis Group,https://in.linkedin.com/company/sinensisgroup?trk=public_jobs_jserp-result_job-search-card-subtitle

"Direct Placement, LLC",https://www.linkedin.com/company/direct-placement?trk=public_jobs_jserp-result_job-search-card-subtitle

Canadian Executive Search Group Inc. & Canadian Executive Search Group (USA) Inc / Arrow Group,https://www.linkedin.com/company/canadian-executive-search-group-inc-?trk=public_jobs_jserp-result_job-search-card-subtitle

Amazon,https://www.linkedin.com/company/amazon?trk=public_jobs_jserp-result_job-search-card-subtitle

Amazon,https://www.linkedin.com/company/amazon?trk=public_jobs_jserp-result_job-search-card-subtitle

Citi,https://www.linkedin.com/company/citi?trk=public_jobs_jserp-result_job-search-card-subtitle

Citi,https://www.linkedin.com/company/citi?trk=public_jobs_jserp-result_job-search-card-subtitle

Citi,https://www.linkedin.com/company/citi?trk=public_jobs_jserp-result_job-search-card-subtitle

Citi,https://www.linkedin.com/company/citi?trk=public_jobs_jserp-result_job-search-card-subtitle

Intelsat,https://www.linkedin.com/company/intelsat?trk=public_jobs_jserp-result_job-search-card-subtitle

Glint!,https://in.linkedin.com/company/goglint?trk=public_jobs_jserp-result_job-search-card-subtitle

CIEL HR,https://in.linkedin.com/company/cielhr?trk=public_jobs_jserp-result_job-search-card-subtitle

CIEL HR,https://in.linkedin.com/company/cielhr?trk=public_jobs_jserp-result_job-search-card-subtitle

Jumbotail,https://in.linkedin.com/company/jumbotail?trk=public_jobs_jserp-result_job-search-card-subtitle

SHV Energy,https://nl.linkedin.com/company/shv-energy?trk=public_jobs_jserp-result_job-search-card-subtitle

Cathay Pacific Airways,https://hk.linkedin.com/company/cathay-pacific-airways?trk=public_jobs_jserp-result_job-search-card-subtitle

Alstom,https://fr.linkedin.com/company/alstom?trk=public_jobs_jserp-result_job-search-card-subtitle

Alstom,https://fr.linkedin.com/company/alstom?trk=public_jobs_jserp-result_job-search-card-subtitle

Siemens,https://de.linkedin.com/company/siemens?trk=public_jobs_jserp-result_job-search-card-subtitle

Siemens,https://de.linkedin.com/company/siemens?trk=public_jobs_jserp-result_job-search-card-subtitle

Alstom,https://fr.linkedin.com/company/alstom?trk=public_jobs_jserp-result_job-search-card-subtitle

Alstom,https://fr.linkedin.com/company/alstom?trk=public_jobs_jserp-result_job-search-card-subtitle

Siemens,https://de.linkedin.com/company/siemens?trk=public_jobs_jserp-result_job-search-card-subtitle

Alstom,https://fr.linkedin.com/company/alstom?trk=public_jobs_jserp-result_job-search-card-subtitle

ATCS Inc.,https://www.linkedin.com/company/atcsinc?trk=public_jobs_jserp-result_job-search-card-subtitle

Alstom,https://fr.linkedin.com/company/alstom?trk=public_jobs_jserp-result_job-search-card-subtitle

Alstom,https://fr.linkedin.com/company/alstom?trk=public_jobs_jserp-result_job-search-card-subtitle

Alstom,https://fr.linkedin.com/company/alstom?trk=public_jobs_jserp-result_job-search-card-subtitle

Alstom,https://www.linkedin.com/company/alstomin?trk=public_jobs_jserp-result_job-search-card-subtitle

Zinnov,https://www.linkedin.com/company/zinnov?trk=public_jobs_jserp-result_job-search-card-subtitle

ATCS Inc.,https://www.linkedin.com/company/atcsinc?trk=public_jobs_jserp-result_job-search-card-subtitle

ATCS Inc.,https://www.linkedin.com/company/atcsinc?trk=public_jobs_jserp-result_job-search-card-subtitle

ATCS Inc.,https://www.linkedin.com/company/atcsinc?trk=public_jobs_jserp-result_job-search-card-subtitle

ATCS Inc.,https://www.linkedin.com/company/atcsinc?trk=public_jobs_jserp-result_job-search-card-subtitle

ATCS Inc.,https://www.linkedin.com/company/atcsinc?trk=public_jobs_jserp-result_job-search-card-subtitle

ATCS Inc.,https://www.linkedin.com/company/atcsinc?trk=public_jobs_jserp-result_job-search-card-subtitle

ATCS Inc.,https://www.linkedin.com/company/atcsinc?trk=public_jobs_jserp-result_job-search-card-subtitle

ATCS Inc.,https://www.linkedin.com/company/atcsinc?trk=public_jobs_jserp-result_job-search-card-subtitle

ATCS Inc.,https://www.linkedin.com/company/atcsinc?trk=public_jobs_jserp-result_job-search-card-subtitle

ATCS Inc.,https://www.linkedin.com/company/atcsinc?trk=public_jobs_jserp-result_job-search-card-subtitle

Citi,https://www.linkedin.com/company/citi?trk=public_jobs_jserp-result_job-search-card-subtitle

Citi,https://www.linkedin.com/company/citi?trk=public_jobs_jserp-result_job-search-card-subtitle

BNY Mellon,https://www.linkedin.com/company/bny-mellon?trk=public_jobs_jserp-result_job-search-card-subtitle

BNY Mellon,https://www.linkedin.com/company/bny-mellon?trk=public_jobs_jserp-result_job-search-card-subtitle

BNY Mellon,https://www.linkedin.com/company/bny-mellon?trk=public_jobs_jserp-result_job-search-card-subtitle

Extreme Networks,https://www.linkedin.com/company/extreme-networks?trk=public_jobs_jserp-result_job-search-card-subtitle

Bosch Global Software Technologies,https://in.linkedin.com/company/bosch-global-software-technologies?trk=public_jobs_jserp-result_job-search-card-subtitle

BNY Mellon,https://www.linkedin.com/company/bny-mellon?trk=public_jobs_jserp-result_job-search-card-subtitle

Tech Mahindra Foundation,https://in.linkedin.com/company/tech-mahindra-foundation?trk=public_jobs_jserp-result_job-search-card-subtitle

Rajah Filter Technics,https://www.linkedin.com/company/rajah-filter-technics?trk=public_jobs_jserp-result_job-search-card-subtitle

New Cape Hotel - India,https://in.linkedin.com/company/new-cape-hotel---india?trk=public_jobs_jserp-result_job-search-card-subtitle

Magicbox Animation Private Limited,https://in.linkedin.com/company/magicboxanimation?trk=public_jobs_jserp-result_job-search-card-subtitle

TOSS the COIN,https://in.linkedin.com/company/toss-the-coin?trk=public_jobs_jserp-result_job-search-card-subtitle

Polimer Media Pvt Ltd,https://in.linkedin.com/company/polimer-media-pvt-ltd?trk=public_jobs_jserp-result_job-search-card-subtitle

JDC Recruitment Services,https://in.linkedin.com/company/jdc-recruitment-services?trk=public_jobs_jserp-result_job-search-card-subtitle

Xtend Equipments Pvt.Ltd.,https://in.linkedin.com/company/xtend-equipments-pvt-ltd?trk=public_jobs_jserp-result_job-search-card-subtitle

Borotik,https://in.linkedin.com/company/borotik?trk=public_jobs_jserp-result_job-search-card-subtitle

Red Group,https://www.linkedin.com/company/red-group-consulting-inc.?trk=public_jobs_jserp-result_job-search-card-subtitle

S S Infratech,https://www.linkedin.com/company/s-s-infratech?trk=public_jobs_jserp-result_job-search-card-subtitle

Red Group,https://www.linkedin.com/company/red-group-consulting-inc.?trk=public_jobs_jserp-result_job-search-card-subtitle

Red Group,https://www.linkedin.com/company/red-group-consulting-inc.?trk=public_jobs_jserp-result_job-search-card-subtitle

Onqanet Technologies Pvt. Ltd.,https://in.linkedin.com/company/onqanettechnologies?trk=public_jobs_jserp-result_job-search-card-subtitle

Red Group,https://www.linkedin.com/company/red-group-consulting-inc.?trk=public_jobs_jserp-result_job-search-card-subtitle

Apollo Hospitals,https://in.linkedin.com/company/apollo-hospitals?trk=public_jobs_jserp-result_job-search-card-subtitle

Delite Surgicals,https://www.linkedin.com/company/delite-surgicals?trk=public_jobs_jserp-result_job-search-card-subtitle

AppSoft Solutions,https://www.linkedin.com/company/appsoft-solutions?trk=public_jobs_jserp-result_job-search-card-subtitle

Rose International,https://www.linkedin.com/company/rose-international?trk=public_jobs_jserp-result_job-search-card-subtitle

GKN Aerospace,https://uk.linkedin.com/company/gkn-aerospace?trk=public_jobs_jserp-result_job-search-card-subtitle

Airbus,https://fr.linkedin.com/company/airbusgroup?trk=public_jobs_jserp-result_job-search-card-subtitle

Kennametal,https://www.linkedin.com/company/kennametal?trk=public_jobs_jserp-result_job-search-card-subtitle

Kennametal,https://www.linkedin.com/company/kennametal?trk=public_jobs_jserp-result_job-search-card-subtitle

Keysight Technologies,https://www.linkedin.com/company/keysight-technologies?trk=public_jobs_jserp-result_job-search-card-subtitle

Qatar Airways,https://qa.linkedin.com/company/qatar-airways?trk=public_jobs_jserp-result_job-search-card-subtitle

British Council,https://uk.linkedin.com/company/british-council?trk=public_jobs_jserp-result_job-search-card-subtitle

Ola Mobility Institute,https://in.linkedin.com/company/ola-mobility-institute?trk=public_jobs_jserp-result_job-search-card-subtitle

Udhyam Learning Foundation,https://in.linkedin.com/company/udhyam-learning-foundation?trk=public_jobs_jserp-result_job-search-card-subtitle

CIEL HR,https://in.linkedin.com/company/cielhr?trk=public_jobs_jserp-result_job-search-card-subtitle

Vodafone Idea Limited,https://in.linkedin.com/company/vodafone-idea-limited?trk=public_jobs_jserp-result_job-search-card-subtitle

Vodafone Idea Limited,https://in.linkedin.com/company/vodafone-idea-limited?trk=public_jobs_jserp-result_job-search-card-subtitle

R K Enterprises,https://in.linkedin.com/company/r-k-enterprises?trk=public_jobs_jserp-result_job-search-card-subtitle

R K Enterprises,https://in.linkedin.com/company/r-k-enterprises?trk=public_jobs_jserp-result_job-search-card-subtitle

R K Enterprises,https://in.linkedin.com/company/r-k-enterprises?trk=public_jobs_jserp-result_job-search-card-subtitle

R K Enterprises,https://in.linkedin.com/company/r-k-enterprises?trk=public_jobs_jserp-result_job-search-card-subtitle

R K Enterprises,https://in.linkedin.com/company/r-k-enterprises?trk=public_jobs_jserp-result_job-search-card-subtitle

R K Enterprises,https://in.linkedin.com/company/r-k-enterprises?trk=public_jobs_jserp-result_job-search-card-subtitle

R K Enterprises,https://in.linkedin.com/company/r-k-enterprises?trk=public_jobs_jserp-result_job-search-card-subtitle

R K Enterprises,https://in.linkedin.com/company/r-k-enterprises?trk=public_jobs_jserp-result_job-search-card-subtitle

"R. K. Enterprises, Chandigarh",https://www.linkedin.com/company/r.-k.-enterprises-chandigarh?trk=public_jobs_jserp-result_job-search-card-subtitle

Qatar Airways,https://qa.linkedin.com/company/qatar-airways?trk=public_jobs_jserp-result_job-search-card-subtitle

Sabre India,https://in.linkedin.com/company/sabreindia?trk=public_jobs_jserp-result_job-search-card-subtitle

Indigo,https://ca.linkedin.com/company/indigo?trk=public_jobs_jserp-result_job-search-card-subtitle

ATCS Inc.,https://www.linkedin.com/company/atcsinc?trk=public_jobs_jserp-result_job-search-card-subtitle

ATCS Inc.,https://www.linkedin.com/company/atcsinc?trk=public_jobs_jserp-result_job-search-card-subtitle

ATCS Inc.,https://www.linkedin.com/company/atcsinc?trk=public_jobs_jserp-result_job-search-card-subtitle

ATCS Inc.,https://www.linkedin.com/company/atcsinc?trk=public_jobs_jserp-result_job-search-card-subtitle

Siemens,https://de.linkedin.com/company/siemens?trk=public_jobs_jserp-result_job-search-card-subtitle

Zinnov,https://www.linkedin.com/company/zinnov?trk=public_jobs_jserp-result_job-search-card-subtitle

Alstom,https://fr.linkedin.com/company/alstom?trk=public_jobs_jserp-result_job-search-card-subtitle

Siemens,https://de.linkedin.com/company/siemens?trk=public_jobs_jserp-result_job-search-card-subtitle

Alstom,https://fr.linkedin.com/company/alstom?trk=public_jobs_jserp-result_job-search-card-subtitle

Siemens,https://de.linkedin.com/company/siemens?trk=public_jobs_jserp-result_job-search-card-subtitle

ATCS Inc.,https://www.linkedin.com/company/atcsinc?trk=public_jobs_jserp-result_job-search-card-subtitle

ATCS Inc.,https://www.linkedin.com/company/atcsinc?trk=public_jobs_jserp-result_job-search-card-subtitle

ATCS Inc.,https://www.linkedin.com/company/atcsinc?trk=public_jobs_jserp-result_job-search-card-subtitle

ATCS Inc.,https://www.linkedin.com/company/atcsinc?trk=public_jobs_jserp-result_job-search-card-subtitle

Alstom,https://www.linkedin.com/company/alstomin?trk=public_jobs_jserp-result_job-search-card-subtitle

ATCS Inc.,https://www.linkedin.com/company/atcsinc?trk=public_jobs_jserp-result_job-search-card-subtitle

Alstom,https://fr.linkedin.com/company/alstom?trk=public_jobs_jserp-result_job-search-card-subtitle

Alstom,https://fr.linkedin.com/company/alstom?trk=public_jobs_jserp-result_job-search-card-subtitle

ATCS Inc.,https://www.linkedin.com/company/atcsinc?trk=public_jobs_jserp-result_job-search-card-subtitle

Alstom,https://fr.linkedin.com/company/alstom?trk=public_jobs_jserp-result_job-search-card-subtitle

ATCS Inc.,https://www.linkedin.com/company/atcsinc?trk=public_jobs_jserp-result_job-search-card-subtitle

Alstom,https://fr.linkedin.com/company/alstom?trk=public_jobs_jserp-result_job-search-card-subtitle

Alstom,https://fr.linkedin.com/company/alstom?trk=public_jobs_jserp-result_job-search-card-subtitle

Alstom,https://fr.linkedin.com/company/alstom?trk=public_jobs_jserp-result_job-search-card-subtitle

OnProcess Technology,https://www.linkedin.com/company/onprocess-technology?trk=public_jobs_jserp-result_job-search-card-subtitle

Citi,https://www.linkedin.com/company/citi?trk=public_jobs_jserp-result_job-search-card-subtitle

Citi,https://www.linkedin.com/company/citi?trk=public_jobs_jserp-result_job-search-card-subtitle

Credit Suisse,https://ch.linkedin.com/company/credit-suisse?trk=public_jobs_jserp-result_job-search-card-subtitle

3A Associates,https://www.linkedin.com/company/3a-associates?trk=public_jobs_jserp-result_job-search-card-subtitle

Avis Budget Group,https://www.linkedin.com/company/avis-budget-group?trk=public_jobs_jserp-result_job-search-card-subtitle

Oracle,https://www.linkedin.com/company/oracle?trk=public_jobs_jserp-result_job-search-card-subtitle

BNY Mellon,https://www.linkedin.com/company/bny-mellon?trk=public_jobs_jserp-result_job-search-card-subtitle

Oracle,https://www.linkedin.com/company/oracle?trk=public_jobs_jserp-result_job-search-card-subtitle

BNY Mellon,https://www.linkedin.com/company/bny-mellon?trk=public_jobs_jserp-result_job-search-card-subtitle

Oracle,https://www.linkedin.com/company/oracle?trk=public_jobs_jserp-result_job-search-card-subtitle

BNY Mellon,https://www.linkedin.com/company/bny-mellon?trk=public_jobs_jserp-result_job-search-card-subtitle

Oracle,https://www.linkedin.com/company/oracle?trk=public_jobs_jserp-result_job-search-card-subtitle

Blulife Marketing Pvt Ltd,https://in.linkedin.com/company/blulife-marketing-pvt-ltd?trk=public_jobs_jserp-result_job-search-card-subtitle

Aditya Birla Group,https://in.linkedin.com/company/aditya-birla-group?trk=public_jobs_jserp-result_job-search-card-subtitle

BNY Mellon,https://www.linkedin.com/company/bny-mellon?trk=public_jobs_jserp-result_job-search-card-subtitle

SHL,https://uk.linkedin.com/company/shlglobal?trk=public_jobs_jserp-result_job-search-card-subtitle

BNY Mellon,https://www.linkedin.com/company/bny-mellon?trk=public_jobs_jserp-result_job-search-card-subtitle

Mouser Electronics,https://www.linkedin.com/company/mouser-electronics?trk=public_jobs_jserp-result_job-search-card-subtitle

Mouser Electronics,https://www.linkedin.com/company/mouser-electronics?trk=public_jobs_jserp-result_job-search-card-subtitle

BNY Mellon,https://www.linkedin.com/company/bny-mellon?trk=public_jobs_jserp-result_job-search-card-subtitle

BNY Mellon,https://www.linkedin.com/company/bny-mellon?trk=public_jobs_jserp-result_job-search-card-subtitle

Mouser Electronics,https://www.linkedin.com/company/mouser-electronics?trk=public_jobs_jserp-result_job-search-card-subtitle

Cision,https://www.linkedin.com/company/cision?trk=public_jobs_jserp-result_job-search-card-subtitle

Vodafone Idea Limited,https://in.linkedin.com/company/vodafone-idea-limited?trk=public_jobs_jserp-result_job-search-card-subtitle

IndiGo (InterGlobe Aviation Ltd),https://in.linkedin.com/company/indigo-airlines?trk=public_jobs_jserp-result_job-search-card-subtitle

Breeze Airways�,https://www.linkedin.com/company/breeze-airways?trk=public_jobs_jserp-result_job-search-card-subtitle

Breeze Airways�,https://www.linkedin.com/company/breeze-airways?trk=public_jobs_jserp-result_job-search-card-subtitle

Breeze Airways�,https://www.linkedin.com/company/breeze-airways?trk=public_jobs_jserp-result_job-search-card-subtitle

Collins Aerospace,https://www.linkedin.com/company/collins-aerospace?trk=public_jobs_jserp-result_job-search-card-subtitle

Collins Aerospace,https://www.linkedin.com/company/collins-aerospace?trk=public_jobs_jserp-result_job-search-card-subtitle

Howmet Aerospace,https://www.linkedin.com/company/howmet-aerospace?trk=public_jobs_jserp-result_job-search-card-subtitle

"Aery Aviation, LLC",https://www.linkedin.com/company/aeryaviation?trk=public_jobs_jserp-result_job-search-card-subtitle

Collins Aerospace,https://www.linkedin.com/company/collins-aerospace?trk=public_jobs_jserp-result_job-search-card-subtitle

Amphenol Aerospace,https://www.linkedin.com/company/amphenol-aerospace?trk=public_jobs_jserp-result_job-search-card-subtitle

Collins Aerospace,https://www.linkedin.com/company/collins-aerospace?trk=public_jobs_jserp-result_job-search-card-subtitle

RGBSI,https://www.linkedin.com/company/rgbsi?trk=public_jobs_jserp-result_job-search-card-subtitle

RGBSI,https://www.linkedin.com/company/rgbsi?trk=public_jobs_jserp-result_job-search-card-subtitle

"MD Helicopters, Inc.",https://www.linkedin.com/company/md-helicopters?trk=public_jobs_jserp-result_job-search-card-subtitle

Amphenol Aerospace,https://www.linkedin.com/company/amphenol-aerospace?trk=public_jobs_jserp-result_job-search-card-subtitle

Collins Aerospace,https://www.linkedin.com/company/collins-aerospace?trk=public_jobs_jserp-result_job-search-card-subtitle

Collins Aerospace,https://www.linkedin.com/company/collins-aerospace?trk=public_jobs_jserp-result_job-search-card-subtitle

Collins Aerospace,https://www.linkedin.com/company/collins-aerospace?trk=public_jobs_jserp-result_job-search-card-subtitle

Collins Aerospace,https://www.linkedin.com/company/collins-aerospace?trk=public_jobs_jserp-result_job-search-card-subtitle

SpaceX,https://www.linkedin.com/company/spacex?trk=public_jobs_jserp-result_job-search-card-subtitle

RGBSI,https://www.linkedin.com/company/rgbsi?trk=public_jobs_jserp-result_job-search-card-subtitle

SpaceX,https://www.linkedin.com/company/spacex?trk=public_jobs_jserp-result_job-search-card-subtitle

Collins Aerospace,https://www.linkedin.com/company/collins-aerospace?trk=public_jobs_jserp-result_job-search-card-subtitle

Sargent Aerospace Inc,https://www.linkedin.com/company/sargent-aerospace-inc?trk=public_jobs_jserp-result_job-search-card-subtitle

Amphenol,https://www.linkedin.com/company/amphenol?trk=public_jobs_jserp-result_job-search-card-subtitle

Raytheon Technologies,https://www.linkedin.com/company/raytheontechnologies?trk=public_jobs_jserp-result_job-search-card-subtitle

TechWise,https://www.linkedin.com/company/techwise?trk=public_jobs_jserp-result_job-search-card-subtitle

Acuity International,https://www.linkedin.com/company/acuityinternational?trk=public_jobs_jserp-result_job-search-card-subtitle

Holley,https://www.linkedin.com/company/holley?trk=public_jobs_jserp-result_job-search-card-subtitle

Acuity International,https://www.linkedin.com/company/acuityinternational?trk=public_jobs_jserp-result_job-search-card-subtitle

Serco,https://uk.linkedin.com/company/serco?trk=public_jobs_jserp-result_job-search-card-subtitle

Amentum,https://www.linkedin.com/company/amentumcorp?trk=public_jobs_jserp-result_job-search-card-subtitle

Acuity International,https://www.linkedin.com/company/acuityinternational?trk=public_jobs_jserp-result_job-search-card-subtitle

Metropolitan Transportation Authority,https://www.linkedin.com/company/nymta?trk=public_jobs_jserp-result_job-search-card-subtitle

Sun Country Airlines,https://www.linkedin.com/company/sun-country-airlines?trk=public_jobs_jserp-result_job-search-card-subtitle

US Army,https://www.linkedin.com/company/us-army?trk=public_jobs_jserp-result_job-search-card-subtitle

Metropolitan Transportation Authority,https://www.linkedin.com/company/nymta?trk=public_jobs_jserp-result_job-search-card-subtitle

"Objectstream, Inc.",https://www.linkedin.com/company/objectstream-inc-?trk=public_jobs_jserp-result_job-search-card-subtitle

BART,https://www.linkedin.com/company/bart?trk=public_jobs_jserp-result_job-search-card-subtitle

Saalex Solutions,https://www.linkedin.com/company/saalex-solutions?trk=public_jobs_jserp-result_job-search-card-subtitle

U.S. Department of Transportation,https://www.linkedin.com/company/usdot?trk=public_jobs_jserp-result_job-search-card-subtitle

Embraer,https://br.linkedin.com/company/embraer?trk=public_jobs_jserp-result_job-search-card-subtitle

Embraer,https://br.linkedin.com/company/embraer?trk=public_jobs_jserp-result_job-search-card-subtitle

Embraer,https://br.linkedin.com/company/embraer?trk=public_jobs_jserp-result_job-search-card-subtitle

Harry Reid International Airport,https://www.linkedin.com/company/lasairport?trk=public_jobs_jserp-result_job-search-card-subtitle

Heritage Aviation,https://www.linkedin.com/company/heritage-aviation?trk=public_jobs_jserp-result_job-search-card-subtitle

US Air Force Reserve,https://www.linkedin.com/company/airforcereserverecruiting?trk=public_jobs_jserp-result_job-search-card-subtitle

Delta Air Lines,https://www.linkedin.com/company/delta-air-lines?trk=public_jobs_jserp-result_job-search-card-subtitle

US Air Force Reserve,https://www.linkedin.com/company/airforcereserverecruiting?trk=public_jobs_jserp-result_job-search-card-subtitle

US Air Force Reserve,https://www.linkedin.com/company/airforcereserverecruiting?trk=public_jobs_jserp-result_job-search-card-subtitle

Cathay Pacific Airways,https://hk.linkedin.com/company/cathay-pacific-airways?trk=public_jobs_jserp-result_job-search-card-subtitle

Delta Air Lines,https://www.linkedin.com/company/delta-air-lines?trk=public_jobs_jserp-result_job-search-card-subtitle

Delta Air Lines,https://www.linkedin.com/company/delta-air-lines?trk=public_jobs_jserp-result_job-search-card-subtitle

Delta Air Lines,https://www.linkedin.com/company/delta-air-lines?trk=public_jobs_jserp-result_job-search-card-subtitle

Delta Air Lines,https://www.linkedin.com/company/delta-air-lines?trk=public_jobs_jserp-result_job-search-card-subtitle

Delta Air Lines,https://www.linkedin.com/company/delta-air-lines?trk=public_jobs_jserp-result_job-search-card-subtitle

Aerotek,https://www.linkedin.com/company/aerotek?trk=public_jobs_jserp-result_job-search-card-subtitle

Delta Air Lines,https://www.linkedin.com/company/delta-air-lines?trk=public_jobs_jserp-result_job-search-card-subtitle

Aerotek,https://www.linkedin.com/company/aerotek?trk=public_jobs_jserp-result_job-search-card-subtitle

Aerotek,https://www.linkedin.com/company/aerotek?trk=public_jobs_jserp-result_job-search-card-subtitle

Delta Air Lines,https://www.linkedin.com/company/delta-air-lines?trk=public_jobs_jserp-result_job-search-card-subtitle

Delta Air Lines,https://www.linkedin.com/company/delta-air-lines?trk=public_jobs_jserp-result_job-search-card-subtitle

Delta Air Lines,https://www.linkedin.com/company/delta-air-lines?trk=public_jobs_jserp-result_job-search-card-subtitle

Delta Air Lines,https://www.linkedin.com/company/delta-air-lines?trk=public_jobs_jserp-result_job-search-card-subtitle

Delta Air Lines,https://www.linkedin.com/company/delta-air-lines?trk=public_jobs_jserp-result_job-search-card-subtitle

Partouche Air Group,https://www.linkedin.com/company/partouche-air-group?trk=public_jobs_jserp-result_job-search-card-subtitle

Delta Air Lines,https://www.linkedin.com/company/delta-air-lines?trk=public_jobs_jserp-result_job-search-card-subtitle

Delta Air Lines,https://www.linkedin.com/company/delta-air-lines?trk=public_jobs_jserp-result_job-search-card-subtitle

Avelo Airlines,https://www.linkedin.com/company/avelo-airlines?trk=public_jobs_jserp-result_job-search-card-subtitle

Delta Air Lines,https://www.linkedin.com/company/delta-air-lines?trk=public_jobs_jserp-result_job-search-card-subtitle

Delta Air Lines,https://www.linkedin.com/company/delta-air-lines?trk=public_jobs_jserp-result_job-search-card-subtitle

Delta Air Lines,https://www.linkedin.com/company/delta-air-lines?trk=public_jobs_jserp-result_job-search-card-subtitle

StandardAero,https://www.linkedin.com/company/standardaero?trk=public_jobs_jserp-result_job-search-card-subtitle

SpeedBird,https://www.linkedin.com/company/flyspeedbird?trk=public_jobs_jserp-result_job-search-card-subtitle

BOMBARDIER,https://ca.linkedin.com/company/bombardier?trk=public_jobs_jserp-result_job-search-card-subtitle

Avelo Airlines,https://www.linkedin.com/company/avelo-airlines?trk=public_jobs_jserp-result_job-search-card-subtitle

The Inland Group of Companies,https://ca.linkedin.com/company/the-inland-group-of-companies?trk=public_jobs_jserp-result_job-search-card-subtitle

The Inland Group of Companies,https://ca.linkedin.com/company/the-inland-group-of-companies?trk=public_jobs_jserp-result_job-search-card-subtitle

ABM Industries,https://www.linkedin.com/company/abm-industries?trk=public_jobs_jserp-result_job-search-card-subtitle

PrimeFlight Aviation Services,https://www.linkedin.com/company/primeflight-aviation-services?trk=public_jobs_jserp-result_job-search-card-subtitle

Allegiant,https://www.linkedin.com/company/allegiant-air?trk=public_jobs_jserp-result_job-search-card-subtitle

PrimeFlight Aviation Services,https://www.linkedin.com/company/primeflight-aviation-services?trk=public_jobs_jserp-result_job-search-card-subtitle

PrimeFlight Aviation Services,https://www.linkedin.com/company/primeflight-aviation-services?trk=public_jobs_jserp-result_job-search-card-subtitle

dnata,https://ae.linkedin.com/company/dnata?trk=public_jobs_jserp-result_job-search-card-subtitle

PrimeFlight Aviation Services,https://www.linkedin.com/company/primeflight-aviation-services?trk=public_jobs_jserp-result_job-search-card-subtitle

PrimeFlight Aviation Services,https://www.linkedin.com/company/primeflight-aviation-services?trk=public_jobs_jserp-result_job-search-card-subtitle

The Inland Group of Companies,https://ca.linkedin.com/company/the-inland-group-of-companies?trk=public_jobs_jserp-result_job-search-card-subtitle

Southwest Airlines,https://www.linkedin.com/company/southwest-airlines?trk=public_jobs_jserp-result_job-search-card-subtitle

dnata,https://ae.linkedin.com/company/dnata?trk=public_jobs_jserp-result_job-search-card-subtitle

Immaculate Flight,https://www.linkedin.com/company/immaculate-flight?trk=public_jobs_jserp-result_job-search-card-subtitle

PrimeFlight Aviation Services,https://www.linkedin.com/company/primeflight-aviation-services?trk=public_jobs_jserp-result_job-search-card-subtitle

dnata,https://ae.linkedin.com/company/dnata?trk=public_jobs_jserp-result_job-search-card-subtitle

Swissport,https://ch.linkedin.com/company/swissport?trk=public_jobs_jserp-result_job-search-card-subtitle

PrimeFlight Aviation Services,https://www.linkedin.com/company/primeflight-aviation-services?trk=public_jobs_jserp-result_job-search-card-subtitle

Swissport,https://ch.linkedin.com/company/swissport?trk=public_jobs_jserp-result_job-search-card-subtitle

PrimeFlight Aviation Services,https://www.linkedin.com/company/primeflight-aviation-services?trk=public_jobs_jserp-result_job-search-card-subtitle

dnata,https://ae.linkedin.com/company/dnata?trk=public_jobs_jserp-result_job-search-card-subtitle

PrimeFlight Aviation Services,https://www.linkedin.com/company/primeflight-aviation-services?trk=public_jobs_jserp-result_job-search-card-subtitle

PrimeFlight Aviation Services,https://www.linkedin.com/company/primeflight-aviation-services?trk=public_jobs_jserp-result_job-search-card-subtitle

Jet Aviation,https://ch.linkedin.com/company/jet-aviation?trk=public_jobs_jserp-result_job-search-card-subtitle

HQ Aero Management Inc.,https://www.linkedin.com/company/hq-aero-management-inc?trk=public_jobs_jserp-result_job-search-card-subtitle

NTT Ltd.,https://uk.linkedin.com/company/global-ntt?trk=public_jobs_jserp-result_job-search-card-subtitle

Canadian Executive Search Group Inc. & Canadian Executive Search Group (USA) Inc / Arrow Group,https://www.linkedin.com/company/canadian-executive-search-group-inc-?trk=public_jobs_jserp-result_job-search-card-subtitle

Finite HR Consulting Private Limited,https://www.linkedin.com/company/finite-hr-consulting-private-limited?trk=public_jobs_jserp-result_job-search-card-subtitle

Canadian Executive Search Group Inc. & Canadian Executive Search Group (USA) Inc / Arrow Group,https://www.linkedin.com/company/canadian-executive-search-group-inc-?trk=public_jobs_jserp-result_job-search-card-subtitle

"Council on Energy, Environment and Water (CEEW)",https://in.linkedin.com/company/council-on-energy-environment-and-water?trk=public_jobs_jserp-result_job-search-card-subtitle

SSP UK LIMITED,https://www.linkedin.com/company/ssp-uk-limited?trk=public_jobs_jserp-result_job-search-card-subtitle

Dhullo Car Care,https://in.linkedin.com/company/dhullo-car-care?trk=public_jobs_jserp-result_job-search-card-subtitle

Sinensis Group,https://in.linkedin.com/company/sinensisgroup?trk=public_jobs_jserp-result_job-search-card-subtitle

Gegenbauer,https://de.linkedin.com/company/gegenbauer-de?trk=public_jobs_jserp-result_job-search-card-subtitle

"Woodward, Inc.",https://www.linkedin.com/company/woodwardinc?trk=public_jobs_jserp-result_job-search-card-subtitle

"Direct Placement, LLC",https://www.linkedin.com/company/direct-placement?trk=public_jobs_jserp-result_job-search-card-subtitle

CIEL HR,https://in.linkedin.com/company/cielhr?trk=public_jobs_jserp-result_job-search-card-subtitle

3M,https://www.linkedin.com/company/3m?trk=public_jobs_jserp-result_job-search-card-subtitle

"Woodward, Inc.",https://www.linkedin.com/company/woodwardinc?trk=public_jobs_jserp-result_job-search-card-subtitle

"Woodward, Inc.",https://www.linkedin.com/company/woodwardinc?trk=public_jobs_jserp-result_job-search-card-subtitle

"Woodward, Inc.",https://www.linkedin.com/company/woodwardinc?trk=public_jobs_jserp-result_job-search-card-subtitle

US Air Force Reserve,https://www.linkedin.com/company/airforcereserverecruiting?trk=public_jobs_jserp-result_job-search-card-subtitle

US Air Force Reserve,https://www.linkedin.com/company/airforcereserverecruiting?trk=public_jobs_jserp-result_job-search-card-subtitle

US Air Force Reserve,https://www.linkedin.com/company/airforcereserverecruiting?trk=public_jobs_jserp-result_job-search-card-subtitle

US Air Force Reserve,https://www.linkedin.com/company/airforcereserverecruiting?trk=public_jobs_jserp-result_job-search-card-subtitle

US Air Force Reserve,https://www.linkedin.com/company/airforcereserverecruiting?trk=public_jobs_jserp-result_job-search-card-subtitle

US Air Force Reserve,https://www.linkedin.com/company/airforcereserverecruiting?trk=public_jobs_jserp-result_job-search-card-subtitle

US Air Force Reserve,https://www.linkedin.com/company/airforcereserverecruiting?trk=public_jobs_jserp-result_job-search-card-subtitle

US Air Force Reserve,https://www.linkedin.com/company/airforcereserverecruiting?trk=public_jobs_jserp-result_job-search-card-subtitle

US Air Force Reserve,https://www.linkedin.com/company/airforcereserverecruiting?trk=public_jobs_jserp-result_job-search-card-subtitle

University of North Dakota,https://www.linkedin.com/company/uofnorthdakota?trk=public_jobs_jserp-result_job-search-card-subtitle

US Air Force Reserve,https://www.linkedin.com/company/airforcereserverecruiting?trk=public_jobs_jserp-result_job-search-card-subtitle

US Air Force Reserve,https://www.linkedin.com/company/airforcereserverecruiting?trk=public_jobs_jserp-result_job-search-card-subtitle

Atlantic Aviation,https://www.linkedin.com/company/atlantic-aviation?trk=public_jobs_jserp-result_job-search-card-subtitle

US Air Force Reserve,https://www.linkedin.com/company/airforcereserverecruiting?trk=public_jobs_jserp-result_job-search-card-subtitle

Atlantic Aviation,https://www.linkedin.com/company/atlantic-aviation?trk=public_jobs_jserp-result_job-search-card-subtitle

Atlantic Aviation,https://www.linkedin.com/company/atlantic-aviation?trk=public_jobs_jserp-result_job-search-card-subtitle

Atlantic Aviation,https://www.linkedin.com/company/atlantic-aviation?trk=public_jobs_jserp-result_job-search-card-subtitle

Atlantic Aviation,https://www.linkedin.com/company/atlantic-aviation?trk=public_jobs_jserp-result_job-search-card-subtitle

Atlantic Aviation,https://www.linkedin.com/company/atlantic-aviation?trk=public_jobs_jserp-result_job-search-card-subtitle

Atlantic Aviation,https://www.linkedin.com/company/atlantic-aviation?trk=public_jobs_jserp-result_job-search-card-subtitle

Atlantic Aviation,https://www.linkedin.com/company/atlantic-aviation?trk=public_jobs_jserp-result_job-search-card-subtitle

Atlantic Aviation,https://www.linkedin.com/company/atlantic-aviation?trk=public_jobs_jserp-result_job-search-card-subtitle

Atlantic Aviation,https://www.linkedin.com/company/atlantic-aviation?trk=public_jobs_jserp-result_job-search-card-subtitle

Atlantic Aviation,https://www.linkedin.com/company/atlantic-aviation?trk=public_jobs_jserp-result_job-search-card-subtitle

Amazon,https://www.linkedin.com/company/amazon?trk=public_jobs_jserp-result_job-search-card-subtitle

Hub Group,https://www.linkedin.com/company/hub-group?trk=public_jobs_jserp-result_job-search-card-subtitle

Canton Port Services,https://www.linkedin.com/company/cantonportservices?trk=public_jobs_jserp-result_job-search-card-subtitle

Ceres Terminals,https://www.linkedin.com/company/ceres-terminals?trk=public_jobs_jserp-result_job-search-card-subtitle

Industrial Pro Recruiting,https://www.linkedin.com/company/industrial-pro-recruiting?trk=public_jobs_jserp-result_job-search-card-subtitle

MJ Recruiters,https://www.linkedin.com/company/mj-recruiters-llc?trk=public_jobs_jserp-result_job-search-card-subtitle

AIT Worldwide Logistics,https://www.linkedin.com/company/ait-worldwide-logistics?trk=public_jobs_jserp-result_job-search-card-subtitle

Kenan Advantage Group,https://www.linkedin.com/company/kenan-advantage-group?trk=public_jobs_jserp-result_job-search-card-subtitle

Ceres Terminals,https://www.linkedin.com/company/ceres-terminals?trk=public_jobs_jserp-result_job-search-card-subtitle

AIT Worldwide Logistics,https://www.linkedin.com/company/ait-worldwide-logistics?trk=public_jobs_jserp-result_job-search-card-subtitle

Sunburst Truck Lines Inc,https://www.linkedin.com/company/sunburst-truck-lines-inc?trk=public_jobs_jserp-result_job-search-card-subtitle

INDIAN RIVER TRANSPORT,https://www.linkedin.com/company/indian-river-transport?trk=public_jobs_jserp-result_job-search-card-subtitle

JobsInLogistics.com,https://www.linkedin.com/company/jobsinlogistics-com?trk=public_jobs_jserp-result_job-search-card-subtitle

STG Logistics,https://www.linkedin.com/company/stg-logistics?trk=public_jobs_jserp-result_job-search-card-subtitle

DHL Supply Chain,https://de.linkedin.com/company/dhl-supply-chain?trk=public_jobs_jserp-result_job-search-card-subtitle

"Capstone Logistics, LLC",https://www.linkedin.com/company/capstone-logistics-llc?trk=public_jobs_jserp-result_job-search-card-subtitle

University of Nevada-Las Vegas,https://www.linkedin.com/company/officialunlv?trk=public_jobs_jserp-result_job-search-card-subtitle

Irving Oil,https://ca.linkedin.com/company/irving-oil?trk=public_jobs_jserp-result_job-search-card-subtitle

DSJ Global,https://uk.linkedin.com/company/dsj-global?trk=public_jobs_jserp-result_job-search-card-subtitle

Jobot,https://www.linkedin.com/company/jobot?trk=public_jobs_jserp-result_job-search-card-subtitle

Alchemy Global Talent Solutions,https://uk.linkedin.com/company/alchemy-global-talent-solutions?trk=public_jobs_jserp-result_job-search-card-subtitle

Wayfair,https://www.linkedin.com/company/wayfair?trk=public_jobs_jserp-result_job-search-card-subtitle

Wallenius Wilhelmsen,https://no.linkedin.com/company/walleniuswilhelmsen?trk=public_jobs_jserp-result_job-search-card-subtitle

Morgan Stanley,https://www.linkedin.com/company/morgan-stanley?trk=public_jobs_jserp-result_job-search-card-subtitle

INDIAN RIVER TRANSPORT,https://www.linkedin.com/company/indian-river-transport?trk=public_jobs_jserp-result_job-search-card-subtitle

Cathay Pacific Airways,https://hk.linkedin.com/company/cathay-pacific-airways?trk=public_jobs_jserp-result_job-search-card-subtitle

Vanity Wagon (NAPSA Pvt. Ltd),https://in.linkedin.com/company/vanity-wagon?trk=public_jobs_jserp-result_job-search-card-subtitle

Orbit Techsol,https://in.linkedin.com/company/orbit-techsol-india-pvt?trk=public_jobs_jserp-result_job-search-card-subtitle

Hi Style Travels,https://www.linkedin.com/company/hi-style-travels?trk=public_jobs_jserp-result_job-search-card-subtitle

Procapitus Business Park,https://in.linkedin.com/company/procapitus-business-park?trk=public_jobs_jserp-result_job-search-card-subtitle

CASANSAAR WEB SOLUTIONS PRIVATE LIMITED,https://www.linkedin.com/company/casansaar-web-solutions-private-limited?trk=public_jobs_jserp-result_job-search-card-subtitle

Thermo Fisher Scientific,https://www.linkedin.com/company/thermo-fisher-scientific?trk=public_jobs_jserp-result_job-search-card-subtitle

Westin Hotels & Resorts,https://www.linkedin.com/company/westin-hotels-&-resorts?trk=public_jobs_jserp-result_job-search-card-subtitle

Sawadhee Traditional Thai Spa - India,https://in.linkedin.com/company/sawadhee-traditional-thai-spa---india?trk=public_jobs_jserp-result_job-search-card-subtitle

Thermo Fisher Scientific India,https://in.linkedin.com/company/thermo-fisher-scientific-india?trk=public_jobs_jserp-result_job-search-card-subtitle

Euler Motors,https://in.linkedin.com/company/eulermotors?trk=public_jobs_jserp-result_job-search-card-subtitle

Thinking Legal,https://in.linkedin.com/company/thinkinglegal?trk=public_jobs_jserp-result_job-search-card-subtitle

Keemaya Overseas Education Services,https://in.linkedin.com/company/keemaya-overseas-education-services?trk=public_jobs_jserp-result_job-search-card-subtitle

Busara Center for Behavioral Economics,https://ke.linkedin.com/company/busara-center-for-behavioral-economics?trk=public_jobs_jserp-result_job-search-card-subtitle

Online Business Opportunity - Work From Anywhere,https://in.linkedin.com/company/online-business-opportunity-in-wellness-industry?trk=public_jobs_jserp-result_job-search-card-subtitle

Intel Corporation,https://www.linkedin.com/company/intel-corporation?trk=public_jobs_jserp-result_job-search-card-subtitle

The Aurora Creatives,https://in.linkedin.com/company/the-aurora-creatives?trk=public_jobs_jserp-result_job-search-card-subtitle

SATYA DEPOSITS AND ADVANCES PRIVATE LIMITED,https://www.linkedin.com/company/satya-deposits-and-advances-private-limited?trk=public_jobs_jserp-result_job-search-card-subtitle

Ikka Dukka,https://www.linkedin.com/company/ikka-dukka?trk=public_jobs_jserp-result_job-search-card-subtitle

Thcare Solutions,https://www.linkedin.com/company/thcare-solutions?trk=public_jobs_jserp-result_job-search-card-subtitle

ResMed,https://www.linkedin.com/company/resmed?trk=public_jobs_jserp-result_job-search-card-subtitle

MI Service Centre,https://www.linkedin.com/company/mi-service-centre?trk=public_jobs_jserp-result_job-search-card-subtitle

